Group,Sample,Folder_name,File_name,fastq_1,fastq_2
shCon_MIB-01,shCon_MIB-01-01,Sample_Molm13_shCon_MIB_r1_IGO_14706_C_36,shCon_MIB_r1_IGO_14706_C_36_S30,Molm13_shCon_MIB_r1_IGO_14706_C_36_S30_L001_R1_001.fastq.gz,Molm13_shCon_MIB_r1_IGO_14706_C_36_S30_L001_R2_001.fastq.gz
shCon_MIB-01,shCon_MIB-01-02,Sample_Molm13_shCon_MIB_r1_IGO_14706_C_36,shCon_MIB_r1_IGO_14706_C_36_S30,Molm13_shCon_MIB_r1_IGO_14706_C_36_S30_L002_R1_001.fastq.gz,Molm13_shCon_MIB_r1_IGO_14706_C_36_S30_L002_R2_001.fastq.gz
shCon_MIB-01,shCon_MIB-01-03,Sample_Molm13_shCon_MIB_r1_IGO_14706_B_1,shCon_MIB_r1_IGO_14706_B_1_S129,Molm13_shCon_MIB_r1_IGO_14706_B_1_S129_L003_R1_001.fastq.gz,Molm13_shCon_MIB_r1_IGO_14706_B_1_S129_L003_R2_001.fastq.gz
shCon_MIB-01,shCon_MIB-01-03,Sample_Molm13_shCon_MIB_r1_IGO_14706_C_36,shCon_MIB_r1_IGO_14706_C_36_S30,Molm13_shCon_MIB_r1_IGO_14706_C_36_S30_L003_R1_001.fastq.gz,Molm13_shCon_MIB_r1_IGO_14706_C_36_S30_L003_R2_001.fastq.gz
shCon_MIB-02,shCon_MIB-02-01,Sample_Molm13_shCon_MIB_r2_IGO_14706_C_5,shCon_MIB_r2_IGO_14706_C_5_S23,Molm13_shCon_MIB_r2_IGO_14706_C_5_S23_L001_R1_001.fastq.gz,Molm13_shCon_MIB_r2_IGO_14706_C_5_S23_L001_R2_001.fastq.gz
shCon_MIB-02,shCon_MIB-02-02,Sample_Molm13_shCon_MIB_r2_IGO_14706_C_5,shCon_MIB_r2_IGO_14706_C_5_S23,Molm13_shCon_MIB_r2_IGO_14706_C_5_S23_L002_R1_001.fastq.gz,Molm13_shCon_MIB_r2_IGO_14706_C_5_S23_L002_R2_001.fastq.gz
shCon_MIB-02,shCon_MIB-02-03,Sample_Molm13_shCon_MIB_r2_IGO_14706_C_5,shCon_MIB_r2_IGO_14706_C_5_S23,Molm13_shCon_MIB_r2_IGO_14706_C_5_S23_L003_R1_001.fastq.gz,Molm13_shCon_MIB_r2_IGO_14706_C_5_S23_L003_R2_001.fastq.gz
shCon_MIB-02,shCon_MIB-02-03,Sample_Molm13_shCon_MIB_r2_IGO_14706_B_2,shCon_MIB_r2_IGO_14706_B_2_S130,Molm13_shCon_MIB_r2_IGO_14706_B_2_S130_L003_R1_001.fastq.gz,Molm13_shCon_MIB_r2_IGO_14706_B_2_S130_L003_R2_001.fastq.gz
shCon_MIB-03,shCon_MIB-03-01,Sample_Molm13_shCon_MIB_r3_IGO_14706_C_7,shCon_MIB_r3_IGO_14706_C_7_S18,Molm13_shCon_MIB_r3_IGO_14706_C_7_S18_L001_R1_001.fastq.gz,Molm13_shCon_MIB_r3_IGO_14706_C_7_S18_L001_R2_001.fastq.gz
shCon_MIB-03,shCon_MIB-03-02,Sample_Molm13_shCon_MIB_r3_IGO_14706_C_7,shCon_MIB_r3_IGO_14706_C_7_S18,Molm13_shCon_MIB_r3_IGO_14706_C_7_S18_L002_R1_001.fastq.gz,Molm13_shCon_MIB_r3_IGO_14706_C_7_S18_L002_R2_001.fastq.gz
shCon_MIB-03,shCon_MIB-03-03,Sample_Molm13_shCon_MIB_r3_IGO_14706_C_7,shCon_MIB_r3_IGO_14706_C_7_S18,Molm13_shCon_MIB_r3_IGO_14706_C_7_S18_L003_R1_001.fastq.gz,Molm13_shCon_MIB_r3_IGO_14706_C_7_S18_L003_R2_001.fastq.gz
shCon_MIB-03,shCon_MIB-03-03,Sample_Molm13_shCon_MIB_r3_IGO_14706_B_3,shCon_MIB_r3_IGO_14706_B_3_S131,Molm13_shCon_MIB_r3_IGO_14706_B_3_S131_L003_R1_001.fastq.gz,Molm13_shCon_MIB_r3_IGO_14706_B_3_S131_L003_R2_001.fastq.gz
shCon_Ribo-01,shCon_Ribo-01-01,Sample_Molm13_shCon_Ribo_r1_IGO_14706_C_29,shCon_Ribo_r1_IGO_14706_C_29_S19,Molm13_shCon_Ribo_r1_IGO_14706_C_29_S19_L001_R1_001.fastq.gz,Molm13_shCon_Ribo_r1_IGO_14706_C_29_S19_L001_R2_001.fastq.gz
shCon_Ribo-01,shCon_Ribo-01-02,Sample_Molm13_shCon_Ribo_r1_IGO_14706_C_29,shCon_Ribo_r1_IGO_14706_C_29_S19,Molm13_shCon_Ribo_r1_IGO_14706_C_29_S19_L002_R1_001.fastq.gz,Molm13_shCon_Ribo_r1_IGO_14706_C_29_S19_L002_R2_001.fastq.gz
shCon_Ribo-01,shCon_Ribo-01-03,Sample_Molm13_shCon_Ribo_r1_IGO_14706_B_4,shCon_Ribo_r1_IGO_14706_B_4_S132,Molm13_shCon_Ribo_r1_IGO_14706_B_4_S132_L003_R1_001.fastq.gz,Molm13_shCon_Ribo_r1_IGO_14706_B_4_S132_L003_R2_001.fastq.gz
shCon_Ribo-01,shCon_Ribo-01-03,Sample_Molm13_shCon_Ribo_r1_IGO_14706_C_29,shCon_Ribo_r1_IGO_14706_C_29_S19,Molm13_shCon_Ribo_r1_IGO_14706_C_29_S19_L003_R1_001.fastq.gz,Molm13_shCon_Ribo_r1_IGO_14706_C_29_S19_L003_R2_001.fastq.gz
shCon_Ribo-02,shCon_Ribo-02-01,Sample_Molm13_shCon_Ribo_r2_IGO_14706_C_42,shCon_Ribo_r2_IGO_14706_C_42_S14,Molm13_shCon_Ribo_r2_IGO_14706_C_42_S14_L001_R1_001.fastq.gz,Molm13_shCon_Ribo_r2_IGO_14706_C_42_S14_L001_R2_001.fastq.gz
shCon_Ribo-02,shCon_Ribo-02-02,Sample_Molm13_shCon_Ribo_r2_IGO_14706_C_42,shCon_Ribo_r2_IGO_14706_C_42_S14,Molm13_shCon_Ribo_r2_IGO_14706_C_42_S14_L002_R1_001.fastq.gz,Molm13_shCon_Ribo_r2_IGO_14706_C_42_S14_L002_R2_001.fastq.gz
shCon_Ribo-02,shCon_Ribo-02-03,Sample_Molm13_shCon_Ribo_r2_IGO_14706_B_5,shCon_Ribo_r2_IGO_14706_B_5_S133,Molm13_shCon_Ribo_r2_IGO_14706_B_5_S133_L003_R1_001.fastq.gz,Molm13_shCon_Ribo_r2_IGO_14706_B_5_S133_L003_R2_001.fastq.gz
shCon_Ribo-02,shCon_Ribo-02-03,Sample_Molm13_shCon_Ribo_r2_IGO_14706_C_42,shCon_Ribo_r2_IGO_14706_C_42_S14,Molm13_shCon_Ribo_r2_IGO_14706_C_42_S14_L003_R1_001.fastq.gz,Molm13_shCon_Ribo_r2_IGO_14706_C_42_S14_L003_R2_001.fastq.gz
shCon_Ribo-03,shCon_Ribo-03-01,Sample_Molm13_shCon_Ribo_r3_IGO_14706_C_22,shCon_Ribo_r3_IGO_14706_C_22_S8,Molm13_shCon_Ribo_r3_IGO_14706_C_22_S8_L001_R1_001.fastq.gz,Molm13_shCon_Ribo_r3_IGO_14706_C_22_S8_L001_R2_001.fastq.gz
shCon_Ribo-03,shCon_Ribo-03-02,Sample_Molm13_shCon_Ribo_r3_IGO_14706_C_22,shCon_Ribo_r3_IGO_14706_C_22_S8,Molm13_shCon_Ribo_r3_IGO_14706_C_22_S8_L002_R1_001.fastq.gz,Molm13_shCon_Ribo_r3_IGO_14706_C_22_S8_L002_R2_001.fastq.gz
shCon_Ribo-03,shCon_Ribo-03-03,Sample_Molm13_shCon_Ribo_r3_IGO_14706_C_22,shCon_Ribo_r3_IGO_14706_C_22_S8,Molm13_shCon_Ribo_r3_IGO_14706_C_22_S8_L003_R1_001.fastq.gz,Molm13_shCon_Ribo_r3_IGO_14706_C_22_S8_L003_R2_001.fastq.gz
shCon_Ribo-03,shCon_Ribo-03-03,Sample_Molm13_shCon_Ribo_r3_IGO_14706_B_6,shCon_Ribo_r3_IGO_14706_B_6_S134,Molm13_shCon_Ribo_r3_IGO_14706_B_6_S134_L003_R1_001.fastq.gz,Molm13_shCon_Ribo_r3_IGO_14706_B_6_S134_L003_R2_001.fastq.gz
shMOV10_MIB-01,shMOV10_MIB-01-01,Sample_Molm13_shMOV10_MIB_r1_IGO_14706_C_21,shMOV10_MIB_r1_IGO_14706_C_21_S33,Molm13_shMOV10_MIB_r1_IGO_14706_C_21_S33_L001_R1_001.fastq.gz,Molm13_shMOV10_MIB_r1_IGO_14706_C_21_S33_L001_R2_001.fastq.gz
shMOV10_MIB-01,shMOV10_MIB-01-02,Sample_Molm13_shMOV10_MIB_r1_IGO_14706_C_21,shMOV10_MIB_r1_IGO_14706_C_21_S33,Molm13_shMOV10_MIB_r1_IGO_14706_C_21_S33_L002_R1_001.fastq.gz,Molm13_shMOV10_MIB_r1_IGO_14706_C_21_S33_L002_R2_001.fastq.gz
shMOV10_MIB-01,shMOV10_MIB-01-03,Sample_Molm13_shMOV10_MIB_r1_IGO_14706_C_21,shMOV10_MIB_r1_IGO_14706_C_21_S33,Molm13_shMOV10_MIB_r1_IGO_14706_C_21_S33_L003_R1_001.fastq.gz,Molm13_shMOV10_MIB_r1_IGO_14706_C_21_S33_L003_R2_001.fastq.gz
shMOV10_MIB-01,shMOV10_MIB-01-03,Sample_Molm13_shMOV10_MIB_r1_IGO_14706_B_13,shMOV10_MIB_r1_IGO_14706_B_13_S123,Molm13_shMOV10_MIB_r1_IGO_14706_B_13_S123_L003_R1_001.fastq.gz,Molm13_shMOV10_MIB_r1_IGO_14706_B_13_S123_L003_R2_001.fastq.gz
shMOV10_MIB-02,shMOV10_MIB-02-01,Sample_Molm13_shMOV10_MIB_r2_IGO_14706_C_3,shMOV10_MIB_r2_IGO_14706_C_3_S12,Molm13_shMOV10_MIB_r2_IGO_14706_C_3_S12_L001_R1_001.fastq.gz,Molm13_shMOV10_MIB_r2_IGO_14706_C_3_S12_L001_R2_001.fastq.gz
shMOV10_MIB-02,shMOV10_MIB-02-02,Sample_Molm13_shMOV10_MIB_r2_IGO_14706_C_3,shMOV10_MIB_r2_IGO_14706_C_3_S12,Molm13_shMOV10_MIB_r2_IGO_14706_C_3_S12_L002_R1_001.fastq.gz,Molm13_shMOV10_MIB_r2_IGO_14706_C_3_S12_L002_R2_001.fastq.gz
shMOV10_MIB-02,shMOV10_MIB-02-03,Sample_Molm13_shMOV10_MIB_r2_IGO_14706_C_3,shMOV10_MIB_r2_IGO_14706_C_3_S12,Molm13_shMOV10_MIB_r2_IGO_14706_C_3_S12_L003_R1_001.fastq.gz,Molm13_shMOV10_MIB_r2_IGO_14706_C_3_S12_L003_R2_001.fastq.gz
shMOV10_MIB-02,shMOV10_MIB-02-03,Sample_Molm13_shMOV10_MIB_r2_IGO_14706_B_14,shMOV10_MIB_r2_IGO_14706_B_14_S124,Molm13_shMOV10_MIB_r2_IGO_14706_B_14_S124_L003_R1_001.fastq.gz,Molm13_shMOV10_MIB_r2_IGO_14706_B_14_S124_L003_R2_001.fastq.gz
shMOV10_MIB-03,shMOV10_MIB-03-01,Sample_Molm13_shMOV10_MIB_r3_IGO_14706_C_24,shMOV10_MIB_r3_IGO_14706_C_24_S16,Molm13_shMOV10_MIB_r3_IGO_14706_C_24_S16_L001_R1_001.fastq.gz,Molm13_shMOV10_MIB_r3_IGO_14706_C_24_S16_L001_R2_001.fastq.gz
shMOV10_MIB-03,shMOV10_MIB-03-02,Sample_Molm13_shMOV10_MIB_r3_IGO_14706_C_24,shMOV10_MIB_r3_IGO_14706_C_24_S16,Molm13_shMOV10_MIB_r3_IGO_14706_C_24_S16_L002_R1_001.fastq.gz,Molm13_shMOV10_MIB_r3_IGO_14706_C_24_S16_L002_R2_001.fastq.gz
shMOV10_MIB-03,shMOV10_MIB-03-03,Sample_Molm13_shMOV10_MIB_r3_IGO_14706_B_15,shMOV10_MIB_r3_IGO_14706_B_15_S125,Molm13_shMOV10_MIB_r3_IGO_14706_B_15_S125_L003_R1_001.fastq.gz,Molm13_shMOV10_MIB_r3_IGO_14706_B_15_S125_L003_R2_001.fastq.gz
shMOV10_MIB-03,shMOV10_MIB-03-03,Sample_Molm13_shMOV10_MIB_r3_IGO_14706_C_24,shMOV10_MIB_r3_IGO_14706_C_24_S16,Molm13_shMOV10_MIB_r3_IGO_14706_C_24_S16_L003_R1_001.fastq.gz,Molm13_shMOV10_MIB_r3_IGO_14706_C_24_S16_L003_R2_001.fastq.gz
shMOV10_Ribo-01,shMOV10_Ribo-01-01,Sample_Molm13_shMOV10_Ribo_r1_IGO_14706_C_1,shMOV10_Ribo_r1_IGO_14706_C_1_S6,Molm13_shMOV10_Ribo_r1_IGO_14706_C_1_S6_L001_R1_001.fastq.gz,Molm13_shMOV10_Ribo_r1_IGO_14706_C_1_S6_L001_R2_001.fastq.gz
shMOV10_Ribo-01,shMOV10_Ribo-01-02,Sample_Molm13_shMOV10_Ribo_r1_IGO_14706_C_1,shMOV10_Ribo_r1_IGO_14706_C_1_S6,Molm13_shMOV10_Ribo_r1_IGO_14706_C_1_S6_L002_R1_001.fastq.gz,Molm13_shMOV10_Ribo_r1_IGO_14706_C_1_S6_L002_R2_001.fastq.gz
shMOV10_Ribo-01,shMOV10_Ribo-01-03,Sample_Molm13_shMOV10_Ribo_r1_IGO_14706_C_1,shMOV10_Ribo_r1_IGO_14706_C_1_S6,Molm13_shMOV10_Ribo_r1_IGO_14706_C_1_S6_L003_R1_001.fastq.gz,Molm13_shMOV10_Ribo_r1_IGO_14706_C_1_S6_L003_R2_001.fastq.gz
shMOV10_Ribo-01,shMOV10_Ribo-01-03,Sample_Molm13_shMOV10_Ribo_r1_IGO_14706_B_16,shMOV10_Ribo_r1_IGO_14706_B_16_S126,Molm13_shMOV10_Ribo_r1_IGO_14706_B_16_S126_L003_R1_001.fastq.gz,Molm13_shMOV10_Ribo_r1_IGO_14706_B_16_S126_L003_R2_001.fastq.gz
shMOV10_Ribo-02,shMOV10_Ribo-02-01,Sample_Molm13_shMOV10_Ribo_r2_IGO_14706_C_16,shMOV10_Ribo_r2_IGO_14706_C_16_S25,Molm13_shMOV10_Ribo_r2_IGO_14706_C_16_S25_L001_R1_001.fastq.gz,Molm13_shMOV10_Ribo_r2_IGO_14706_C_16_S25_L001_R2_001.fastq.gz
shMOV10_Ribo-02,shMOV10_Ribo-02-02,Sample_Molm13_shMOV10_Ribo_r2_IGO_14706_C_16,shMOV10_Ribo_r2_IGO_14706_C_16_S25,Molm13_shMOV10_Ribo_r2_IGO_14706_C_16_S25_L002_R1_001.fastq.gz,Molm13_shMOV10_Ribo_r2_IGO_14706_C_16_S25_L002_R2_001.fastq.gz
shMOV10_Ribo-02,shMOV10_Ribo-02-03,Sample_Molm13_shMOV10_Ribo_r2_IGO_14706_B_17,shMOV10_Ribo_r2_IGO_14706_B_17_S127,Molm13_shMOV10_Ribo_r2_IGO_14706_B_17_S127_L003_R1_001.fastq.gz,Molm13_shMOV10_Ribo_r2_IGO_14706_B_17_S127_L003_R2_001.fastq.gz
shMOV10_Ribo-02,shMOV10_Ribo-02-03,Sample_Molm13_shMOV10_Ribo_r2_IGO_14706_C_16,shMOV10_Ribo_r2_IGO_14706_C_16_S25,Molm13_shMOV10_Ribo_r2_IGO_14706_C_16_S25_L003_R1_001.fastq.gz,Molm13_shMOV10_Ribo_r2_IGO_14706_C_16_S25_L003_R2_001.fastq.gz
shMOV10_Ribo-03,shMOV10_Ribo-03-01,Sample_Molm13_shMOV10_Ribo_r3_IGO_14706_C_41,shMOV10_Ribo_r3_IGO_14706_C_41_S21,Molm13_shMOV10_Ribo_r3_IGO_14706_C_41_S21_L001_R1_001.fastq.gz,Molm13_shMOV10_Ribo_r3_IGO_14706_C_41_S21_L001_R2_001.fastq.gz
shMOV10_Ribo-03,shMOV10_Ribo-03-02,Sample_Molm13_shMOV10_Ribo_r3_IGO_14706_C_41,shMOV10_Ribo_r3_IGO_14706_C_41_S21,Molm13_shMOV10_Ribo_r3_IGO_14706_C_41_S21_L002_R1_001.fastq.gz,Molm13_shMOV10_Ribo_r3_IGO_14706_C_41_S21_L002_R2_001.fastq.gz
shMOV10_Ribo-03,shMOV10_Ribo-03-03,Sample_Molm13_shMOV10_Ribo_r3_IGO_14706_C_41,shMOV10_Ribo_r3_IGO_14706_C_41_S21,Molm13_shMOV10_Ribo_r3_IGO_14706_C_41_S21_L003_R1_001.fastq.gz,Molm13_shMOV10_Ribo_r3_IGO_14706_C_41_S21_L003_R2_001.fastq.gz
shMOV10_Ribo-03,shMOV10_Ribo-03-03,Sample_Molm13_shMOV10_Ribo_r3_IGO_14706_B_18,shMOV10_Ribo_r3_IGO_14706_B_18_S128,Molm13_shMOV10_Ribo_r3_IGO_14706_B_18_S128_L003_R1_001.fastq.gz,Molm13_shMOV10_Ribo_r3_IGO_14706_B_18_S128_L003_R2_001.fastq.gz
shMSI2_MIB-01,shMSI2_MIB-01-01,Sample_Molm13_shMSI2-C_MIB_r1_IGO_14706_C_14,shMSI2-C_Con_r1_IGO_14706_C_14_S32,Molm13_shMSI2-C_Con_r1_IGO_14706_C_14_S32_L001_R1_001.fastq.gz,Molm13_shMSI2-C_Con_r1_IGO_14706_C_14_S32_L001_R2_001.fastq.gz
shMSI2_MIB-01,shMSI2_MIB-01-01,Sample_Molm13_shMSI2-C_MIB_r1_IGO_13289_C_19,shMSI2-C_Con_r1_IGO_13289_C_19_S28,Molm13_shMSI2-C_Con_r1_IGO_13289_C_19_S28_L001_R1_001.fastq.gz,Molm13_shMSI2-C_Con_r1_IGO_13289_C_19_S28_L001_R2_001.fastq.gz
shMSI2_MIB-01,shMSI2_MIB-01-02,Sample_Molm13_shMSI2-C_MIB_r1_IGO_14706_C_14,shMSI2-C_Con_r1_IGO_14706_C_14_S32,Molm13_shMSI2-C_Con_r1_IGO_14706_C_14_S32_L002_R1_001.fastq.gz,Molm13_shMSI2-C_Con_r1_IGO_14706_C_14_S32_L002_R2_001.fastq.gz
shMSI2_MIB-01,shMSI2_MIB-01-02,Sample_Molm13_shMSI2-C_MIB_r1_IGO_13289_C_19,shMSI2-C_Con_r1_IGO_13289_C_19_S28,Molm13_shMSI2-C_Con_r1_IGO_13289_C_19_S28_L002_R1_001.fastq.gz,Molm13_shMSI2-C_Con_r1_IGO_13289_C_19_S28_L002_R2_001.fastq.gz
shMSI2_MIB-01,shMSI2_MIB-01-03,Sample_Molm13_shMSI2-C_MIB_r1_IGO_14706_C_14,shMSI2-C_Con_r1_IGO_14706_C_14_S32,Molm13_shMSI2-C_Con_r1_IGO_14706_C_14_S32_L003_R1_001.fastq.gz,Molm13_shMSI2-C_Con_r1_IGO_14706_C_14_S32_L003_R2_001.fastq.gz
shMSI2_MIB-01,shMSI2_MIB-01-03,Sample_Molm13_shMSI2-C_MIB_r1_IGO_13289_C_19,shMSI2-C_Con_r1_IGO_13289_C_19_S28,Molm13_shMSI2-C_Con_r1_IGO_13289_C_19_S28_L003_R1_001.fastq.gz,Molm13_shMSI2-C_Con_r1_IGO_13289_C_19_S28_L003_R2_001.fastq.gz
shMSI2_MIB-01,shMSI2_MIB-01-04,Sample_Molm13_shMSI2-C_MIB_r1_IGO_13289_C_19,shMSI2-C_Con_r1_IGO_13289_C_19_S28,Molm13_shMSI2-C_Con_r1_IGO_13289_C_19_S28_L004_R1_001.fastq.gz,Molm13_shMSI2-C_Con_r1_IGO_13289_C_19_S28_L004_R2_001.fastq.gz
shMSI2_MIB-02,shMSI2_MIB-02-01,Sample_Molm13_shMSI2-C_MIB_r2_IGO_13289_C_20,shMSI2-C_Con_r2_IGO_13289_C_20_S29,Molm13_shMSI2-C_Con_r2_IGO_13289_C_20_S29_L001_R1_001.fastq.gz,Molm13_shMSI2-C_Con_r2_IGO_13289_C_20_S29_L001_R2_001.fastq.gz
shMSI2_MIB-02,shMSI2_MIB-02-01,Sample_Molm13_shMSI2-C_MIB_r2_IGO_14706_C_33,shMSI2-C_Con_r2_IGO_14706_C_33_S24,Molm13_shMSI2-C_Con_r2_IGO_14706_C_33_S24_L001_R1_001.fastq.gz,Molm13_shMSI2-C_Con_r2_IGO_14706_C_33_S24_L001_R2_001.fastq.gz
shMSI2_MIB-02,shMSI2_MIB-02-02,Sample_Molm13_shMSI2-C_MIB_r2_IGO_13289_C_20,shMSI2-C_Con_r2_IGO_13289_C_20_S29,Molm13_shMSI2-C_Con_r2_IGO_13289_C_20_S29_L002_R1_001.fastq.gz,Molm13_shMSI2-C_Con_r2_IGO_13289_C_20_S29_L002_R2_001.fastq.gz
shMSI2_MIB-02,shMSI2_MIB-02-02,Sample_Molm13_shMSI2-C_MIB_r2_IGO_14706_C_33,shMSI2-C_Con_r2_IGO_14706_C_33_S24,Molm13_shMSI2-C_Con_r2_IGO_14706_C_33_S24_L002_R1_001.fastq.gz,Molm13_shMSI2-C_Con_r2_IGO_14706_C_33_S24_L002_R2_001.fastq.gz
shMSI2_MIB-02,shMSI2_MIB-02-03,Sample_Molm13_shMSI2-C_MIB_r2_IGO_13289_C_20,shMSI2-C_Con_r2_IGO_13289_C_20_S29,Molm13_shMSI2-C_Con_r2_IGO_13289_C_20_S29_L003_R1_001.fastq.gz,Molm13_shMSI2-C_Con_r2_IGO_13289_C_20_S29_L003_R2_001.fastq.gz
shMSI2_MIB-02,shMSI2_MIB-02-03,Sample_Molm13_shMSI2-C_MIB_r2_IGO_14706_C_33,shMSI2-C_Con_r2_IGO_14706_C_33_S24,Molm13_shMSI2-C_Con_r2_IGO_14706_C_33_S24_L003_R1_001.fastq.gz,Molm13_shMSI2-C_Con_r2_IGO_14706_C_33_S24_L003_R2_001.fastq.gz
shMSI2_MIB-02,shMSI2_MIB-02-04,Sample_Molm13_shMSI2-C_MIB_r2_IGO_13289_C_20,shMSI2-C_Con_r2_IGO_13289_C_20_S29,Molm13_shMSI2-C_Con_r2_IGO_13289_C_20_S29_L004_R1_001.fastq.gz,Molm13_shMSI2-C_Con_r2_IGO_13289_C_20_S29_L004_R2_001.fastq.gz
shMSI2_MIB-03,shMSI2_MIB-03-01,Sample_Molm13_shMSI2-C_MIB_r3_IGO_14706_C_17,shMSI2-C_Con_r3_IGO_14706_C_17_S28,Molm13_shMSI2-C_Con_r3_IGO_14706_C_17_S28_L001_R1_001.fastq.gz,Molm13_shMSI2-C_Con_r3_IGO_14706_C_17_S28_L001_R2_001.fastq.gz
shMSI2_MIB-03,shMSI2_MIB-03-01,Sample_Molm13_shMSI2-C_MIB_r3_IGO_14706_C_17,shMSI2-C_Con_r3_IGO_14706_C_17_S2,Molm13_shMSI2-C_Con_r3_IGO_14706_C_17_S2_L001_R1_001.fastq.gz,Molm13_shMSI2-C_Con_r3_IGO_14706_C_17_S2_L001_R2_001.fastq.gz
shMSI2_MIB-03,shMSI2_MIB-03-01,Sample_Molm13_shMSI2-C_MIB_r3_IGO_13289_C_21,shMSI2-C_Con_r3_IGO_13289_C_21_S30,Molm13_shMSI2-C_Con_r3_IGO_13289_C_21_S30_L001_R1_001.fastq.gz,Molm13_shMSI2-C_Con_r3_IGO_13289_C_21_S30_L001_R2_001.fastq.gz
shMSI2_MIB-03,shMSI2_MIB-03-02,Sample_Molm13_shMSI2-C_MIB_r3_IGO_14706_C_17,shMSI2-C_Con_r3_IGO_14706_C_17_S28,Molm13_shMSI2-C_Con_r3_IGO_14706_C_17_S28_L002_R1_001.fastq.gz,Molm13_shMSI2-C_Con_r3_IGO_14706_C_17_S28_L002_R2_001.fastq.gz
shMSI2_MIB-03,shMSI2_MIB-03-02,Sample_Molm13_shMSI2-C_MIB_r3_IGO_14706_C_17,shMSI2-C_Con_r3_IGO_14706_C_17_S2,Molm13_shMSI2-C_Con_r3_IGO_14706_C_17_S2_L002_R1_001.fastq.gz,Molm13_shMSI2-C_Con_r3_IGO_14706_C_17_S2_L002_R2_001.fastq.gz
shMSI2_MIB-03,shMSI2_MIB-03-02,Sample_Molm13_shMSI2-C_MIB_r3_IGO_13289_C_21,shMSI2-C_Con_r3_IGO_13289_C_21_S30,Molm13_shMSI2-C_Con_r3_IGO_13289_C_21_S30_L002_R1_001.fastq.gz,Molm13_shMSI2-C_Con_r3_IGO_13289_C_21_S30_L002_R2_001.fastq.gz
shMSI2_MIB-03,shMSI2_MIB-03-03,Sample_Molm13_shMSI2-C_MIB_r3_IGO_14706_C_17,shMSI2-C_Con_r3_IGO_14706_C_17_S2,Molm13_shMSI2-C_Con_r3_IGO_14706_C_17_S2_L003_R1_001.fastq.gz,Molm13_shMSI2-C_Con_r3_IGO_14706_C_17_S2_L003_R2_001.fastq.gz
shMSI2_MIB-03,shMSI2_MIB-03-03,Sample_Molm13_shMSI2-C_MIB_r3_IGO_13289_C_21,shMSI2-C_Con_r3_IGO_13289_C_21_S30,Molm13_shMSI2-C_Con_r3_IGO_13289_C_21_S30_L003_R1_001.fastq.gz,Molm13_shMSI2-C_Con_r3_IGO_13289_C_21_S30_L003_R2_001.fastq.gz
shMSI2_MIB-03,shMSI2_MIB-03-04,Sample_Molm13_shMSI2-C_MIB_r3_IGO_13289_C_21,shMSI2-C_Con_r3_IGO_13289_C_21_S30,Molm13_shMSI2-C_Con_r3_IGO_13289_C_21_S30_L004_R1_001.fastq.gz,Molm13_shMSI2-C_Con_r3_IGO_13289_C_21_S30_L004_R2_001.fastq.gz
shMSI2_Ribo-01,shMSI2_Ribo-01-01,Sample_Molm13_shMSI2-C_RiboSTAMP_r1_IGO_13289_C_22,shMSI2-C_RiboSTAMP_r1_IGO_13289_C_22_S73,Molm13_shMSI2-C_RiboSTAMP_r1_IGO_13289_C_22_S73_L001_R1_001.fastq.gz,Molm13_shMSI2-C_RiboSTAMP_r1_IGO_13289_C_22_S73_L001_R2_001.fastq.gz
shMSI2_Ribo-01,shMSI2_Ribo-01-02,Sample_Molm13_shMSI2-C_RiboSTAMP_r1_IGO_13289_C_22,shMSI2-C_RiboSTAMP_r1_IGO_13289_C_22_S73,Molm13_shMSI2-C_RiboSTAMP_r1_IGO_13289_C_22_S73_L002_R1_001.fastq.gz,Molm13_shMSI2-C_RiboSTAMP_r1_IGO_13289_C_22_S73_L002_R2_001.fastq.gz
shMSI2_Ribo-01,shMSI2_Ribo-01-03,Sample_Molm13_shMSI2-C_RiboSTAMP_r1_IGO_13289_C_22,shMSI2-C_RiboSTAMP_r1_IGO_13289_C_22_S73,Molm13_shMSI2-C_RiboSTAMP_r1_IGO_13289_C_22_S73_L003_R1_001.fastq.gz,Molm13_shMSI2-C_RiboSTAMP_r1_IGO_13289_C_22_S73_L003_R2_001.fastq.gz
shMSI2_Ribo-01,shMSI2_Ribo-01-04,Sample_Molm13_shMSI2-C_RiboSTAMP_r1_IGO_14706_C_38,shMSI2-C_RiboSTAMP_r1_IGO_14706_C_38_S38,Molm13_shMSI2-C_RiboSTAMP_r1_IGO_14706_C_38_S38_L004_R1_001.fastq.gz,Molm13_shMSI2-C_RiboSTAMP_r1_IGO_14706_C_38_S38_L004_R2_001.fastq.gz
shMSI2_Ribo-01,shMSI2_Ribo-01-04,Sample_Molm13_shMSI2-C_RiboSTAMP_r1_IGO_13289_C_22,shMSI2-C_RiboSTAMP_r1_IGO_13289_C_22_S73,Molm13_shMSI2-C_RiboSTAMP_r1_IGO_13289_C_22_S73_L004_R1_001.fastq.gz,Molm13_shMSI2-C_RiboSTAMP_r1_IGO_13289_C_22_S73_L004_R2_001.fastq.gz
shMSI2_Ribo-02,shMSI2_Ribo-02-01,Sample_Molm13_shMSI2-C_RiboSTAMP_r2_IGO_13289_C_23,shMSI2-C_RiboSTAMP_r2_IGO_13289_C_23_S31,Molm13_shMSI2-C_RiboSTAMP_r2_IGO_13289_C_23_S31_L001_R1_001.fastq.gz,Molm13_shMSI2-C_RiboSTAMP_r2_IGO_13289_C_23_S31_L001_R2_001.fastq.gz
shMSI2_Ribo-02,shMSI2_Ribo-02-01,Sample_Molm13_shMSI2-C_RiboSTAMP_r2_IGO_14706_C_35,shMSI2-C_RiboSTAMP_r2_IGO_14706_C_35_S29,Molm13_shMSI2-C_RiboSTAMP_r2_IGO_14706_C_35_S29_L001_R1_001.fastq.gz,Molm13_shMSI2-C_RiboSTAMP_r2_IGO_14706_C_35_S29_L001_R2_001.fastq.gz
shMSI2_Ribo-02,shMSI2_Ribo-02-01,Sample_Molm13_shMSI2-C_RiboSTAMP_r2_IGO_14706_C_35,shMSI2-C_RiboSTAMP_r2_IGO_14706_C_35_S30,Molm13_shMSI2-C_RiboSTAMP_r2_IGO_14706_C_35_S30_L001_R1_001.fastq.gz,Molm13_shMSI2-C_RiboSTAMP_r2_IGO_14706_C_35_S30_L001_R2_001.fastq.gz
shMSI2_Ribo-02,shMSI2_Ribo-02-02,Sample_Molm13_shMSI2-C_RiboSTAMP_r2_IGO_13289_C_23,shMSI2-C_RiboSTAMP_r2_IGO_13289_C_23_S31,Molm13_shMSI2-C_RiboSTAMP_r2_IGO_13289_C_23_S31_L002_R1_001.fastq.gz,Molm13_shMSI2-C_RiboSTAMP_r2_IGO_13289_C_23_S31_L002_R2_001.fastq.gz
shMSI2_Ribo-02,shMSI2_Ribo-02-02,Sample_Molm13_shMSI2-C_RiboSTAMP_r2_IGO_14706_C_35,shMSI2-C_RiboSTAMP_r2_IGO_14706_C_35_S29,Molm13_shMSI2-C_RiboSTAMP_r2_IGO_14706_C_35_S29_L002_R1_001.fastq.gz,Molm13_shMSI2-C_RiboSTAMP_r2_IGO_14706_C_35_S29_L002_R2_001.fastq.gz
shMSI2_Ribo-02,shMSI2_Ribo-02-02,Sample_Molm13_shMSI2-C_RiboSTAMP_r2_IGO_14706_C_35,shMSI2-C_RiboSTAMP_r2_IGO_14706_C_35_S30,Molm13_shMSI2-C_RiboSTAMP_r2_IGO_14706_C_35_S30_L002_R1_001.fastq.gz,Molm13_shMSI2-C_RiboSTAMP_r2_IGO_14706_C_35_S30_L002_R2_001.fastq.gz
shMSI2_Ribo-02,shMSI2_Ribo-02-03,Sample_Molm13_shMSI2-C_RiboSTAMP_r2_IGO_13289_C_23,shMSI2-C_RiboSTAMP_r2_IGO_13289_C_23_S31,Molm13_shMSI2-C_RiboSTAMP_r2_IGO_13289_C_23_S31_L003_R1_001.fastq.gz,Molm13_shMSI2-C_RiboSTAMP_r2_IGO_13289_C_23_S31_L003_R2_001.fastq.gz
shMSI2_Ribo-02,shMSI2_Ribo-02-03,Sample_Molm13_shMSI2-C_RiboSTAMP_r2_IGO_14706_C_35,shMSI2-C_RiboSTAMP_r2_IGO_14706_C_35_S29,Molm13_shMSI2-C_RiboSTAMP_r2_IGO_14706_C_35_S29_L003_R1_001.fastq.gz,Molm13_shMSI2-C_RiboSTAMP_r2_IGO_14706_C_35_S29_L003_R2_001.fastq.gz
shMSI2_Ribo-02,shMSI2_Ribo-02-04,Sample_Molm13_shMSI2-C_RiboSTAMP_r2_IGO_13289_C_23,shMSI2-C_RiboSTAMP_r2_IGO_13289_C_23_S31,Molm13_shMSI2-C_RiboSTAMP_r2_IGO_13289_C_23_S31_L004_R1_001.fastq.gz,Molm13_shMSI2-C_RiboSTAMP_r2_IGO_13289_C_23_S31_L004_R2_001.fastq.gz
shMSI2_Ribo-03,shMSI2_Ribo-03-01,Sample_Molm13_shMSI2-C_RiboSTAMP_r3_IGO_14706_C_30,shMSI2-C_RiboSTAMP_r3_IGO_14706_C_30_S7,Molm13_shMSI2-C_RiboSTAMP_r3_IGO_14706_C_30_S7_L001_R1_001.fastq.gz,Molm13_shMSI2-C_RiboSTAMP_r3_IGO_14706_C_30_S7_L001_R2_001.fastq.gz
shMSI2_Ribo-03,shMSI2_Ribo-03-01,Sample_Molm13_shMSI2-C_RiboSTAMP_r3_IGO_13289_C_24,shMSI2-C_RiboSTAMP_r3_IGO_13289_C_24_S32,Molm13_shMSI2-C_RiboSTAMP_r3_IGO_13289_C_24_S32_L001_R1_001.fastq.gz,Molm13_shMSI2-C_RiboSTAMP_r3_IGO_13289_C_24_S32_L001_R2_001.fastq.gz
shMSI2_Ribo-03,shMSI2_Ribo-03-02,Sample_Molm13_shMSI2-C_RiboSTAMP_r3_IGO_14706_C_30,shMSI2-C_RiboSTAMP_r3_IGO_14706_C_30_S7,Molm13_shMSI2-C_RiboSTAMP_r3_IGO_14706_C_30_S7_L002_R1_001.fastq.gz,Molm13_shMSI2-C_RiboSTAMP_r3_IGO_14706_C_30_S7_L002_R2_001.fastq.gz
shMSI2_Ribo-03,shMSI2_Ribo-03-02,Sample_Molm13_shMSI2-C_RiboSTAMP_r3_IGO_13289_C_24,shMSI2-C_RiboSTAMP_r3_IGO_13289_C_24_S32,Molm13_shMSI2-C_RiboSTAMP_r3_IGO_13289_C_24_S32_L002_R1_001.fastq.gz,Molm13_shMSI2-C_RiboSTAMP_r3_IGO_13289_C_24_S32_L002_R2_001.fastq.gz
shMSI2_Ribo-03,shMSI2_Ribo-03-03,Sample_Molm13_shMSI2-C_RiboSTAMP_r3_IGO_14706_C_30,shMSI2-C_RiboSTAMP_r3_IGO_14706_C_30_S7,Molm13_shMSI2-C_RiboSTAMP_r3_IGO_14706_C_30_S7_L003_R1_001.fastq.gz,Molm13_shMSI2-C_RiboSTAMP_r3_IGO_14706_C_30_S7_L003_R2_001.fastq.gz
shMSI2_Ribo-03,shMSI2_Ribo-03-03,Sample_Molm13_shMSI2-C_RiboSTAMP_r3_IGO_13289_C_24,shMSI2-C_RiboSTAMP_r3_IGO_13289_C_24_S32,Molm13_shMSI2-C_RiboSTAMP_r3_IGO_13289_C_24_S32_L003_R1_001.fastq.gz,Molm13_shMSI2-C_RiboSTAMP_r3_IGO_13289_C_24_S32_L003_R2_001.fastq.gz
shMSI2_Ribo-03,shMSI2_Ribo-03-04,Sample_Molm13_shMSI2-C_RiboSTAMP_r3_IGO_13289_C_24,shMSI2-C_RiboSTAMP_r3_IGO_13289_C_24_S32,Molm13_shMSI2-C_RiboSTAMP_r3_IGO_13289_C_24_S32_L004_R1_001.fastq.gz,Molm13_shMSI2-C_RiboSTAMP_r3_IGO_13289_C_24_S32_L004_R2_001.fastq.gz
shSYN_MIB-01,shSYN_MIB-01-01,Sample_Molm13_shSYN_MIB_r1_IGO_14706_C_31,shSYN_MIB_r1_IGO_14706_C_31_S4,Molm13_shSYN_MIB_r1_IGO_14706_C_31_S4_L001_R1_001.fastq.gz,Molm13_shSYN_MIB_r1_IGO_14706_C_31_S4_L001_R2_001.fastq.gz
shSYN_MIB-01,shSYN_MIB-01-02,Sample_Molm13_shSYN_MIB_r1_IGO_14706_C_31,shSYN_MIB_r1_IGO_14706_C_31_S4,Molm13_shSYN_MIB_r1_IGO_14706_C_31_S4_L002_R1_001.fastq.gz,Molm13_shSYN_MIB_r1_IGO_14706_C_31_S4_L002_R2_001.fastq.gz
shSYN_MIB-01,shSYN_MIB-01-03,Sample_Molm13_shSYN_MIB_r1_IGO_14706_C_31,shSYN_MIB_r1_IGO_14706_C_31_S4,Molm13_shSYN_MIB_r1_IGO_14706_C_31_S4_L003_R1_001.fastq.gz,Molm13_shSYN_MIB_r1_IGO_14706_C_31_S4_L003_R2_001.fastq.gz
shSYN_MIB-01,shSYN_MIB-01-03,Sample_Molm13_shSYN_MIB_r1_IGO_14706_B_7,shSYN_MIB_r1_IGO_14706_B_7_S135,Molm13_shSYN_MIB_r1_IGO_14706_B_7_S135_L003_R1_001.fastq.gz,Molm13_shSYN_MIB_r1_IGO_14706_B_7_S135_L003_R2_001.fastq.gz
shSYN_MIB-02,shSYN_MIB-02-01,Sample_Molm13_shSYN_MIB_r2_IGO_14706_C_39,shSYN_MIB_r2_IGO_14706_C_39_S10,Molm13_shSYN_MIB_r2_IGO_14706_C_39_S10_L001_R1_001.fastq.gz,Molm13_shSYN_MIB_r2_IGO_14706_C_39_S10_L001_R2_001.fastq.gz
shSYN_MIB-02,shSYN_MIB-02-02,Sample_Molm13_shSYN_MIB_r2_IGO_14706_C_39,shSYN_MIB_r2_IGO_14706_C_39_S10,Molm13_shSYN_MIB_r2_IGO_14706_C_39_S10_L002_R1_001.fastq.gz,Molm13_shSYN_MIB_r2_IGO_14706_C_39_S10_L002_R2_001.fastq.gz
shSYN_MIB-02,shSYN_MIB-02-03,Sample_Molm13_shSYN_MIB_r2_IGO_14706_B_8,shSYN_MIB_r2_IGO_14706_B_8_S136,Molm13_shSYN_MIB_r2_IGO_14706_B_8_S136_L003_R1_001.fastq.gz,Molm13_shSYN_MIB_r2_IGO_14706_B_8_S136_L003_R2_001.fastq.gz
shSYN_MIB-02,shSYN_MIB-02-03,Sample_Molm13_shSYN_MIB_r2_IGO_14706_C_39,shSYN_MIB_r2_IGO_14706_C_39_S10,Molm13_shSYN_MIB_r2_IGO_14706_C_39_S10_L003_R1_001.fastq.gz,Molm13_shSYN_MIB_r2_IGO_14706_C_39_S10_L003_R2_001.fastq.gz
shSYN_MIB-03,shSYN_MIB-03-01,Sample_Molm13_shSYN_MIB_r3_IGO_14706_C_12,shSYN_MIB_r3_IGO_14706_C_12_S15,Molm13_shSYN_MIB_r3_IGO_14706_C_12_S15_L001_R1_001.fastq.gz,Molm13_shSYN_MIB_r3_IGO_14706_C_12_S15_L001_R2_001.fastq.gz
shSYN_MIB-03,shSYN_MIB-03-02,Sample_Molm13_shSYN_MIB_r3_IGO_14706_C_12,shSYN_MIB_r3_IGO_14706_C_12_S15,Molm13_shSYN_MIB_r3_IGO_14706_C_12_S15_L002_R1_001.fastq.gz,Molm13_shSYN_MIB_r3_IGO_14706_C_12_S15_L002_R2_001.fastq.gz
shSYN_MIB-03,shSYN_MIB-03-03,Sample_Molm13_shSYN_MIB_r3_IGO_14706_C_12,shSYN_MIB_r3_IGO_14706_C_12_S15,Molm13_shSYN_MIB_r3_IGO_14706_C_12_S15_L003_R1_001.fastq.gz,Molm13_shSYN_MIB_r3_IGO_14706_C_12_S15_L003_R2_001.fastq.gz
shSYN_MIB-03,shSYN_MIB-03-03,Sample_Molm13_shSYN_MIB_r3_IGO_14706_B_9,shSYN_MIB_r3_IGO_14706_B_9_S137,Molm13_shSYN_MIB_r3_IGO_14706_B_9_S137_L003_R1_001.fastq.gz,Molm13_shSYN_MIB_r3_IGO_14706_B_9_S137_L003_R2_001.fastq.gz
shSYN_Ribo-01,shSYN_Ribo-01-01,Sample_Molm13_shSYN_Ribo_r1_IGO_14706_C_15,shSYN_Ribo_r1_IGO_14706_C_15_S22,Molm13_shSYN_Ribo_r1_IGO_14706_C_15_S22_L001_R1_001.fastq.gz,Molm13_shSYN_Ribo_r1_IGO_14706_C_15_S22_L001_R2_001.fastq.gz
shSYN_Ribo-01,shSYN_Ribo-01-02,Sample_Molm13_shSYN_Ribo_r1_IGO_14706_C_15,shSYN_Ribo_r1_IGO_14706_C_15_S22,Molm13_shSYN_Ribo_r1_IGO_14706_C_15_S22_L002_R1_001.fastq.gz,Molm13_shSYN_Ribo_r1_IGO_14706_C_15_S22_L002_R2_001.fastq.gz
shSYN_Ribo-01,shSYN_Ribo-01-03,Sample_Molm13_shSYN_Ribo_r1_IGO_14706_C_15,shSYN_Ribo_r1_IGO_14706_C_15_S22,Molm13_shSYN_Ribo_r1_IGO_14706_C_15_S22_L003_R1_001.fastq.gz,Molm13_shSYN_Ribo_r1_IGO_14706_C_15_S22_L003_R2_001.fastq.gz
shSYN_Ribo-01,shSYN_Ribo-01-03,Sample_Molm13_shSYN_Ribo_r1_IGO_14706_B_10,shSYN_Ribo_r1_IGO_14706_B_10_S120,Molm13_shSYN_Ribo_r1_IGO_14706_B_10_S120_L003_R1_001.fastq.gz,Molm13_shSYN_Ribo_r1_IGO_14706_B_10_S120_L003_R2_001.fastq.gz
shSYN_Ribo-02,shSYN_Ribo-02-01,Sample_Molm13_shSYN_Ribo_r2_IGO_14706_C_11,shSYN_Ribo_r2_IGO_14706_C_11_S17,Molm13_shSYN_Ribo_r2_IGO_14706_C_11_S17_L001_R1_001.fastq.gz,Molm13_shSYN_Ribo_r2_IGO_14706_C_11_S17_L001_R2_001.fastq.gz
shSYN_Ribo-02,shSYN_Ribo-02-02,Sample_Molm13_shSYN_Ribo_r2_IGO_14706_C_11,shSYN_Ribo_r2_IGO_14706_C_11_S17,Molm13_shSYN_Ribo_r2_IGO_14706_C_11_S17_L002_R1_001.fastq.gz,Molm13_shSYN_Ribo_r2_IGO_14706_C_11_S17_L002_R2_001.fastq.gz
shSYN_Ribo-02,shSYN_Ribo-02-03,Sample_Molm13_shSYN_Ribo_r2_IGO_14706_C_11,shSYN_Ribo_r2_IGO_14706_C_11_S17,Molm13_shSYN_Ribo_r2_IGO_14706_C_11_S17_L003_R1_001.fastq.gz,Molm13_shSYN_Ribo_r2_IGO_14706_C_11_S17_L003_R2_001.fastq.gz
shSYN_Ribo-02,shSYN_Ribo-02-03,Sample_Molm13_shSYN_Ribo_r2_IGO_14706_B_11,shSYN_Ribo_r2_IGO_14706_B_11_S121,Molm13_shSYN_Ribo_r2_IGO_14706_B_11_S121_L003_R1_001.fastq.gz,Molm13_shSYN_Ribo_r2_IGO_14706_B_11_S121_L003_R2_001.fastq.gz
shSYN_Ribo-03,shSYN_Ribo-03-01,Sample_Molm13_shSYN_Ribo_r3_IGO_14706_C_19,shSYN_Ribo_r3_IGO_14706_C_19_S13,Molm13_shSYN_Ribo_r3_IGO_14706_C_19_S13_L001_R1_001.fastq.gz,Molm13_shSYN_Ribo_r3_IGO_14706_C_19_S13_L001_R2_001.fastq.gz
shSYN_Ribo-03,shSYN_Ribo-03-02,Sample_Molm13_shSYN_Ribo_r3_IGO_14706_C_19,shSYN_Ribo_r3_IGO_14706_C_19_S13,Molm13_shSYN_Ribo_r3_IGO_14706_C_19_S13_L002_R1_001.fastq.gz,Molm13_shSYN_Ribo_r3_IGO_14706_C_19_S13_L002_R2_001.fastq.gz
shSYN_Ribo-03,shSYN_Ribo-03-03,Sample_Molm13_shSYN_Ribo_r3_IGO_14706_B_12,shSYN_Ribo_r3_IGO_14706_B_12_S122,Molm13_shSYN_Ribo_r3_IGO_14706_B_12_S122_L003_R1_001.fastq.gz,Molm13_shSYN_Ribo_r3_IGO_14706_B_12_S122_L003_R2_001.fastq.gz
shSYN_Ribo-03,shSYN_Ribo-03-03,Sample_Molm13_shSYN_Ribo_r3_IGO_14706_C_19,shSYN_Ribo_r3_IGO_14706_C_19_S13,Molm13_shSYN_Ribo_r3_IGO_14706_C_19_S13_L003_R1_001.fastq.gz,Molm13_shSYN_Ribo_r3_IGO_14706_C_19_S13_L003_R2_001.fastq.gz
shcon_MIB-01,shcon_MIB-01-01,Sample_Molm13_shcon_MIB_r1_IGO_14706_C_6,shcon_Con_r1_IGO_14706_C_6_S1,Molm13_shcon_Con_r1_IGO_14706_C_6_S1_L001_R1_001.fastq.gz,Molm13_shcon_Con_r1_IGO_14706_C_6_S1_L001_R2_001.fastq.gz
shcon_MIB-01,shcon_MIB-01-01,Sample_Molm13_shcon_MIB_r1_IGO_13289_C_13,shcon_Con_r1_IGO_13289_C_13_S22,Molm13_shcon_Con_r1_IGO_13289_C_13_S22_L001_R1_001.fastq.gz,Molm13_shcon_Con_r1_IGO_13289_C_13_S22_L001_R2_001.fastq.gz
shcon_MIB-01,shcon_MIB-01-02,Sample_Molm13_shcon_MIB_r1_IGO_14706_C_6,shcon_Con_r1_IGO_14706_C_6_S1,Molm13_shcon_Con_r1_IGO_14706_C_6_S1_L002_R1_001.fastq.gz,Molm13_shcon_Con_r1_IGO_14706_C_6_S1_L002_R2_001.fastq.gz
shcon_MIB-01,shcon_MIB-01-02,Sample_Molm13_shcon_MIB_r1_IGO_13289_C_13,shcon_Con_r1_IGO_13289_C_13_S22,Molm13_shcon_Con_r1_IGO_13289_C_13_S22_L002_R1_001.fastq.gz,Molm13_shcon_Con_r1_IGO_13289_C_13_S22_L002_R2_001.fastq.gz
shcon_MIB-01,shcon_MIB-01-03,Sample_Molm13_shcon_MIB_r1_IGO_14706_C_6,shcon_Con_r1_IGO_14706_C_6_S1,Molm13_shcon_Con_r1_IGO_14706_C_6_S1_L003_R1_001.fastq.gz,Molm13_shcon_Con_r1_IGO_14706_C_6_S1_L003_R2_001.fastq.gz
shcon_MIB-01,shcon_MIB-01-03,Sample_Molm13_shcon_MIB_r1_IGO_13289_C_13,shcon_Con_r1_IGO_13289_C_13_S22,Molm13_shcon_Con_r1_IGO_13289_C_13_S22_L003_R1_001.fastq.gz,Molm13_shcon_Con_r1_IGO_13289_C_13_S22_L003_R2_001.fastq.gz
shcon_MIB-01,shcon_MIB-01-04,Sample_Molm13_shcon_MIB_r1_IGO_13289_C_13,shcon_Con_r1_IGO_13289_C_13_S22,Molm13_shcon_Con_r1_IGO_13289_C_13_S22_L004_R1_001.fastq.gz,Molm13_shcon_Con_r1_IGO_13289_C_13_S22_L004_R2_001.fastq.gz
shcon_MIB-02,shcon_MIB-02-01,Sample_Molm13_shcon_MIB_r2_IGO_14706_C_4,shcon_Con_r2_IGO_14706_C_4_S26,Molm13_shcon_Con_r2_IGO_14706_C_4_S26_L001_R1_001.fastq.gz,Molm13_shcon_Con_r2_IGO_14706_C_4_S26_L001_R2_001.fastq.gz
shcon_MIB-02,shcon_MIB-02-01,Sample_Molm13_shcon_MIB_r2_IGO_14706_C_4,shcon_Con_r2_IGO_14706_C_4_S4,Molm13_shcon_Con_r2_IGO_14706_C_4_S4_L001_R1_001.fastq.gz,Molm13_shcon_Con_r2_IGO_14706_C_4_S4_L001_R2_001.fastq.gz
shcon_MIB-02,shcon_MIB-02-01,Sample_Molm13_shcon_MIB_r2_IGO_13289_C_14,shcon_Con_r2_IGO_13289_C_14_S23,Molm13_shcon_Con_r2_IGO_13289_C_14_S23_L001_R1_001.fastq.gz,Molm13_shcon_Con_r2_IGO_13289_C_14_S23_L001_R2_001.fastq.gz
shcon_MIB-02,shcon_MIB-02-02,Sample_Molm13_shcon_MIB_r2_IGO_14706_C_4,shcon_Con_r2_IGO_14706_C_4_S26,Molm13_shcon_Con_r2_IGO_14706_C_4_S26_L002_R1_001.fastq.gz,Molm13_shcon_Con_r2_IGO_14706_C_4_S26_L002_R2_001.fastq.gz
shcon_MIB-02,shcon_MIB-02-02,Sample_Molm13_shcon_MIB_r2_IGO_14706_C_4,shcon_Con_r2_IGO_14706_C_4_S4,Molm13_shcon_Con_r2_IGO_14706_C_4_S4_L002_R1_001.fastq.gz,Molm13_shcon_Con_r2_IGO_14706_C_4_S4_L002_R2_001.fastq.gz
shcon_MIB-02,shcon_MIB-02-02,Sample_Molm13_shcon_MIB_r2_IGO_13289_C_14,shcon_Con_r2_IGO_13289_C_14_S23,Molm13_shcon_Con_r2_IGO_13289_C_14_S23_L002_R1_001.fastq.gz,Molm13_shcon_Con_r2_IGO_13289_C_14_S23_L002_R2_001.fastq.gz
shcon_MIB-02,shcon_MIB-02-03,Sample_Molm13_shcon_MIB_r2_IGO_14706_C_4,shcon_Con_r2_IGO_14706_C_4_S26,Molm13_shcon_Con_r2_IGO_14706_C_4_S26_L003_R1_001.fastq.gz,Molm13_shcon_Con_r2_IGO_14706_C_4_S26_L003_R2_001.fastq.gz
shcon_MIB-02,shcon_MIB-02-03,Sample_Molm13_shcon_MIB_r2_IGO_13289_C_14,shcon_Con_r2_IGO_13289_C_14_S23,Molm13_shcon_Con_r2_IGO_13289_C_14_S23_L003_R1_001.fastq.gz,Molm13_shcon_Con_r2_IGO_13289_C_14_S23_L003_R2_001.fastq.gz
shcon_MIB-02,shcon_MIB-02-04,Sample_Molm13_shcon_MIB_r2_IGO_13289_C_14,shcon_Con_r2_IGO_13289_C_14_S23,Molm13_shcon_Con_r2_IGO_13289_C_14_S23_L004_R1_001.fastq.gz,Molm13_shcon_Con_r2_IGO_13289_C_14_S23_L004_R2_001.fastq.gz
shcon_MIB-03,shcon_MIB-03-01,Sample_Molm13_shcon_MIB_r3_IGO_14706_C_23,shcon_Con_r3_IGO_14706_C_23_S28,Molm13_shcon_Con_r3_IGO_14706_C_23_S28_L001_R1_001.fastq.gz,Molm13_shcon_Con_r3_IGO_14706_C_23_S28_L001_R2_001.fastq.gz
shcon_MIB-03,shcon_MIB-03-01,Sample_Molm13_shcon_MIB_r3_IGO_13289_C_15,shcon_Con_r3_IGO_13289_C_15_S24,Molm13_shcon_Con_r3_IGO_13289_C_15_S24_L001_R1_001.fastq.gz,Molm13_shcon_Con_r3_IGO_13289_C_15_S24_L001_R2_001.fastq.gz
shcon_MIB-03,shcon_MIB-03-02,Sample_Molm13_shcon_MIB_r3_IGO_14706_C_23,shcon_Con_r3_IGO_14706_C_23_S28,Molm13_shcon_Con_r3_IGO_14706_C_23_S28_L002_R1_001.fastq.gz,Molm13_shcon_Con_r3_IGO_14706_C_23_S28_L002_R2_001.fastq.gz
shcon_MIB-03,shcon_MIB-03-02,Sample_Molm13_shcon_MIB_r3_IGO_13289_C_15,shcon_Con_r3_IGO_13289_C_15_S24,Molm13_shcon_Con_r3_IGO_13289_C_15_S24_L002_R1_001.fastq.gz,Molm13_shcon_Con_r3_IGO_13289_C_15_S24_L002_R2_001.fastq.gz
shcon_MIB-03,shcon_MIB-03-03,Sample_Molm13_shcon_MIB_r3_IGO_14706_C_23,shcon_Con_r3_IGO_14706_C_23_S28,Molm13_shcon_Con_r3_IGO_14706_C_23_S28_L003_R1_001.fastq.gz,Molm13_shcon_Con_r3_IGO_14706_C_23_S28_L003_R2_001.fastq.gz
shcon_MIB-03,shcon_MIB-03-03,Sample_Molm13_shcon_MIB_r3_IGO_13289_C_15,shcon_Con_r3_IGO_13289_C_15_S24,Molm13_shcon_Con_r3_IGO_13289_C_15_S24_L003_R1_001.fastq.gz,Molm13_shcon_Con_r3_IGO_13289_C_15_S24_L003_R2_001.fastq.gz
shcon_MIB-03,shcon_MIB-03-04,Sample_Molm13_shcon_MIB_r3_IGO_13289_C_15,shcon_Con_r3_IGO_13289_C_15_S24,Molm13_shcon_Con_r3_IGO_13289_C_15_S24_L004_R1_001.fastq.gz,Molm13_shcon_Con_r3_IGO_13289_C_15_S24_L004_R2_001.fastq.gz
shcon_Ribo-01,shcon_Ribo-01-01,Sample_Molm13_shcon_RiboSTAMP_r1_IGO_14706_C_25,shcon_RiboSTAMP_r1_IGO_14706_C_25_S5,Molm13_shcon_RiboSTAMP_r1_IGO_14706_C_25_S5_L001_R1_001.fastq.gz,Molm13_shcon_RiboSTAMP_r1_IGO_14706_C_25_S5_L001_R2_001.fastq.gz
shcon_Ribo-01,shcon_Ribo-01-01,Sample_Molm13_shcon_RiboSTAMP_r1_IGO_13289_C_16,shcon_RiboSTAMP_r1_IGO_13289_C_16_S25,Molm13_shcon_RiboSTAMP_r1_IGO_13289_C_16_S25_L001_R1_001.fastq.gz,Molm13_shcon_RiboSTAMP_r1_IGO_13289_C_16_S25_L001_R2_001.fastq.gz
shcon_Ribo-01,shcon_Ribo-01-02,Sample_Molm13_shcon_RiboSTAMP_r1_IGO_14706_C_25,shcon_RiboSTAMP_r1_IGO_14706_C_25_S5,Molm13_shcon_RiboSTAMP_r1_IGO_14706_C_25_S5_L002_R1_001.fastq.gz,Molm13_shcon_RiboSTAMP_r1_IGO_14706_C_25_S5_L002_R2_001.fastq.gz
shcon_Ribo-01,shcon_Ribo-01-02,Sample_Molm13_shcon_RiboSTAMP_r1_IGO_13289_C_16,shcon_RiboSTAMP_r1_IGO_13289_C_16_S25,Molm13_shcon_RiboSTAMP_r1_IGO_13289_C_16_S25_L002_R1_001.fastq.gz,Molm13_shcon_RiboSTAMP_r1_IGO_13289_C_16_S25_L002_R2_001.fastq.gz
shcon_Ribo-01,shcon_Ribo-01-03,Sample_Molm13_shcon_RiboSTAMP_r1_IGO_14706_C_25,shcon_RiboSTAMP_r1_IGO_14706_C_25_S5,Molm13_shcon_RiboSTAMP_r1_IGO_14706_C_25_S5_L003_R1_001.fastq.gz,Molm13_shcon_RiboSTAMP_r1_IGO_14706_C_25_S5_L003_R2_001.fastq.gz
shcon_Ribo-01,shcon_Ribo-01-03,Sample_Molm13_shcon_RiboSTAMP_r1_IGO_13289_C_16,shcon_RiboSTAMP_r1_IGO_13289_C_16_S25,Molm13_shcon_RiboSTAMP_r1_IGO_13289_C_16_S25_L003_R1_001.fastq.gz,Molm13_shcon_RiboSTAMP_r1_IGO_13289_C_16_S25_L003_R2_001.fastq.gz
shcon_Ribo-01,shcon_Ribo-01-04,Sample_Molm13_shcon_RiboSTAMP_r1_IGO_13289_C_16,shcon_RiboSTAMP_r1_IGO_13289_C_16_S25,Molm13_shcon_RiboSTAMP_r1_IGO_13289_C_16_S25_L004_R1_001.fastq.gz,Molm13_shcon_RiboSTAMP_r1_IGO_13289_C_16_S25_L004_R2_001.fastq.gz
shcon_Ribo-02,shcon_Ribo-02-01,Sample_Molm13_shcon_RiboSTAMP_r2_IGO_14706_C_13,shcon_RiboSTAMP_r2_IGO_14706_C_13_S31,Molm13_shcon_RiboSTAMP_r2_IGO_14706_C_13_S31_L001_R1_001.fastq.gz,Molm13_shcon_RiboSTAMP_r2_IGO_14706_C_13_S31_L001_R2_001.fastq.gz
shcon_Ribo-02,shcon_Ribo-02-01,Sample_Molm13_shcon_RiboSTAMP_r2_IGO_13289_C_17,shcon_RiboSTAMP_r2_IGO_13289_C_17_S26,Molm13_shcon_RiboSTAMP_r2_IGO_13289_C_17_S26_L001_R1_001.fastq.gz,Molm13_shcon_RiboSTAMP_r2_IGO_13289_C_17_S26_L001_R2_001.fastq.gz
shcon_Ribo-02,shcon_Ribo-02-02,Sample_Molm13_shcon_RiboSTAMP_r2_IGO_14706_C_13,shcon_RiboSTAMP_r2_IGO_14706_C_13_S31,Molm13_shcon_RiboSTAMP_r2_IGO_14706_C_13_S31_L002_R1_001.fastq.gz,Molm13_shcon_RiboSTAMP_r2_IGO_14706_C_13_S31_L002_R2_001.fastq.gz
shcon_Ribo-02,shcon_Ribo-02-02,Sample_Molm13_shcon_RiboSTAMP_r2_IGO_13289_C_17,shcon_RiboSTAMP_r2_IGO_13289_C_17_S26,Molm13_shcon_RiboSTAMP_r2_IGO_13289_C_17_S26_L002_R1_001.fastq.gz,Molm13_shcon_RiboSTAMP_r2_IGO_13289_C_17_S26_L002_R2_001.fastq.gz
shcon_Ribo-02,shcon_Ribo-02-03,Sample_Molm13_shcon_RiboSTAMP_r2_IGO_14706_C_13,shcon_RiboSTAMP_r2_IGO_14706_C_13_S31,Molm13_shcon_RiboSTAMP_r2_IGO_14706_C_13_S31_L003_R1_001.fastq.gz,Molm13_shcon_RiboSTAMP_r2_IGO_14706_C_13_S31_L003_R2_001.fastq.gz
shcon_Ribo-02,shcon_Ribo-02-03,Sample_Molm13_shcon_RiboSTAMP_r2_IGO_13289_C_17,shcon_RiboSTAMP_r2_IGO_13289_C_17_S26,Molm13_shcon_RiboSTAMP_r2_IGO_13289_C_17_S26_L003_R1_001.fastq.gz,Molm13_shcon_RiboSTAMP_r2_IGO_13289_C_17_S26_L003_R2_001.fastq.gz
shcon_Ribo-02,shcon_Ribo-02-04,Sample_Molm13_shcon_RiboSTAMP_r2_IGO_13289_C_17,shcon_RiboSTAMP_r2_IGO_13289_C_17_S26,Molm13_shcon_RiboSTAMP_r2_IGO_13289_C_17_S26_L004_R1_001.fastq.gz,Molm13_shcon_RiboSTAMP_r2_IGO_13289_C_17_S26_L004_R2_001.fastq.gz
shcon_Ribo-03,shcon_Ribo-03-01,Sample_Molm13_shcon_RiboSTAMP_r3_IGO_14706_C_32,shcon_RiboSTAMP_r3_IGO_14706_C_32_S1,Molm13_shcon_RiboSTAMP_r3_IGO_14706_C_32_S1_L001_R1_001.fastq.gz,Molm13_shcon_RiboSTAMP_r3_IGO_14706_C_32_S1_L001_R2_001.fastq.gz
shcon_Ribo-03,shcon_Ribo-03-01,Sample_Molm13_shcon_RiboSTAMP_r3_IGO_13289_C_18,shcon_RiboSTAMP_r3_IGO_13289_C_18_S27,Molm13_shcon_RiboSTAMP_r3_IGO_13289_C_18_S27_L001_R1_001.fastq.gz,Molm13_shcon_RiboSTAMP_r3_IGO_13289_C_18_S27_L001_R2_001.fastq.gz
shcon_Ribo-03,shcon_Ribo-03-02,Sample_Molm13_shcon_RiboSTAMP_r3_IGO_14706_C_32,shcon_RiboSTAMP_r3_IGO_14706_C_32_S1,Molm13_shcon_RiboSTAMP_r3_IGO_14706_C_32_S1_L002_R1_001.fastq.gz,Molm13_shcon_RiboSTAMP_r3_IGO_14706_C_32_S1_L002_R2_001.fastq.gz
shcon_Ribo-03,shcon_Ribo-03-02,Sample_Molm13_shcon_RiboSTAMP_r3_IGO_13289_C_18,shcon_RiboSTAMP_r3_IGO_13289_C_18_S27,Molm13_shcon_RiboSTAMP_r3_IGO_13289_C_18_S27_L002_R1_001.fastq.gz,Molm13_shcon_RiboSTAMP_r3_IGO_13289_C_18_S27_L002_R2_001.fastq.gz
shcon_Ribo-03,shcon_Ribo-03-03,Sample_Molm13_shcon_RiboSTAMP_r3_IGO_13289_C_18,shcon_RiboSTAMP_r3_IGO_13289_C_18_S27,Molm13_shcon_RiboSTAMP_r3_IGO_13289_C_18_S27_L003_R1_001.fastq.gz,Molm13_shcon_RiboSTAMP_r3_IGO_13289_C_18_S27_L003_R2_001.fastq.gz
shcon_Ribo-03,shcon_Ribo-03-04,Sample_Molm13_shcon_RiboSTAMP_r3_IGO_13289_C_18,shcon_RiboSTAMP_r3_IGO_13289_C_18_S27,Molm13_shcon_RiboSTAMP_r3_IGO_13289_C_18_S27_L004_R1_001.fastq.gz,Molm13_shcon_RiboSTAMP_r3_IGO_13289_C_18_S27_L004_R2_001.fastq.gz